model	task	template	fewshot	seed	postproc	timestamp	filename	BLEU
bloom-1b1	wmt14_fr_en	a_good_translation-en-fr-source+target	0	1234	newline-cut-custom-truncate	2022-08-25T22_20_52	examples.model=bloom-1b1.task=wmt14_fr_en.templates=a_good_translation-en-fr-source+target.fewshot=0.seed=1234.timestamp=2022-08-25T22_20_52.newline-cut-custom-truncate.tsv	2.29
bloom-1b1	wmt14_fr_en	a_good_translation-en-fr-source+target	0	1234	newline-cut	2022-08-25T22_20_52	examples.model=bloom-1b1.task=wmt14_fr_en.templates=a_good_translation-en-fr-source+target.fewshot=0.seed=1234.timestamp=2022-08-25T22_20_52.newline-cut.tsv	1.89
bloom-1b1	wmt14_fr_en	a_good_translation-en-fr-source+target	0	1234		2022-08-25T22_20_52	examples.model=bloom-1b1.task=wmt14_fr_en.templates=a_good_translation-en-fr-source+target.fewshot=0.seed=1234.timestamp=2022-08-25T22_20_52.tsv	1.49
bloom-1b1	wmt14_fr_en	a_good_translation-en-fr-target	0	1234	newline-cut-custom-truncate	2022-08-25T22_20_52	examples.model=bloom-1b1.task=wmt14_fr_en.templates=a_good_translation-en-fr-target.fewshot=0.seed=1234.timestamp=2022-08-25T22_20_52.newline-cut-custom-truncate.tsv	0.69
bloom-1b1	wmt14_fr_en	a_good_translation-en-fr-target	0	1234	newline-cut	2022-08-25T22_20_52	examples.model=bloom-1b1.task=wmt14_fr_en.templates=a_good_translation-en-fr-target.fewshot=0.seed=1234.timestamp=2022-08-25T22_20_52.newline-cut.tsv	0.67
bloom-1b1	wmt14_fr_en	a_good_translation-en-fr-target	0	1234		2022-08-25T22_20_52	examples.model=bloom-1b1.task=wmt14_fr_en.templates=a_good_translation-en-fr-target.fewshot=0.seed=1234.timestamp=2022-08-25T22_20_52.tsv	0.52
bloom-1b1	wmt14_fr_en	a_good_translation-fr-en-source+target	0	1234	newline-cut-custom-truncate	2022-08-25T22_20_52	examples.model=bloom-1b1.task=wmt14_fr_en.templates=a_good_translation-fr-en-source+target.fewshot=0.seed=1234.timestamp=2022-08-25T22_20_52.newline-cut-custom-truncate.tsv	17.68
bloom-1b1	wmt14_fr_en	a_good_translation-fr-en-source+target	0	1234	newline-cut	2022-08-25T22_20_52	examples.model=bloom-1b1.task=wmt14_fr_en.templates=a_good_translation-fr-en-source+target.fewshot=0.seed=1234.timestamp=2022-08-25T22_20_52.newline-cut.tsv	13.48
bloom-1b1	wmt14_fr_en	a_good_translation-fr-en-source+target	0	1234		2022-08-25T22_20_52	examples.model=bloom-1b1.task=wmt14_fr_en.templates=a_good_translation-fr-en-source+target.fewshot=0.seed=1234.timestamp=2022-08-25T22_20_52.tsv	9.42
bloom-1b1	wmt14_fr_en	a_good_translation-fr-en-target	0	1234	newline-cut-custom-truncate	2022-08-25T22_20_52	examples.model=bloom-1b1.task=wmt14_fr_en.templates=a_good_translation-fr-en-target.fewshot=0.seed=1234.timestamp=2022-08-25T22_20_52.newline-cut-custom-truncate.tsv	13.58
bloom-1b1	wmt14_fr_en	a_good_translation-fr-en-target	0	1234	newline-cut	2022-08-25T22_20_52	examples.model=bloom-1b1.task=wmt14_fr_en.templates=a_good_translation-fr-en-target.fewshot=0.seed=1234.timestamp=2022-08-25T22_20_52.newline-cut.tsv	11.96
bloom-1b1	wmt14_fr_en	a_good_translation-fr-en-target	0	1234		2022-08-25T22_20_52	examples.model=bloom-1b1.task=wmt14_fr_en.templates=a_good_translation-fr-en-target.fewshot=0.seed=1234.timestamp=2022-08-25T22_20_52.tsv	11.44
bloom-1b1	wmt14_fr_en	gpt-3-en-fr-target	0	1234	newline-cut-custom-truncate	2022-08-25T22_20_52	examples.model=bloom-1b1.task=wmt14_fr_en.templates=gpt-3-en-fr-target.fewshot=0.seed=1234.timestamp=2022-08-25T22_20_52.newline-cut-custom-truncate.tsv	1.06
bloom-1b1	wmt14_fr_en	gpt-3-en-fr-target	0	1234	newline-cut	2022-08-25T22_20_52	examples.model=bloom-1b1.task=wmt14_fr_en.templates=gpt-3-en-fr-target.fewshot=0.seed=1234.timestamp=2022-08-25T22_20_52.newline-cut.tsv	0.78
bloom-1b1	wmt14_fr_en	gpt-3-en-fr-target	0	1234		2022-08-25T22_20_52	examples.model=bloom-1b1.task=wmt14_fr_en.templates=gpt-3-en-fr-target.fewshot=0.seed=1234.timestamp=2022-08-25T22_20_52.tsv	0.77
bloom-1b1	wmt14_fr_en	gpt-3-fr-en-target	0	1234	newline-cut-custom-truncate	2022-08-25T22_20_52	examples.model=bloom-1b1.task=wmt14_fr_en.templates=gpt-3-fr-en-target.fewshot=0.seed=1234.timestamp=2022-08-25T22_20_52.newline-cut-custom-truncate.tsv	1.29
bloom-1b1	wmt14_fr_en	gpt-3-fr-en-target	0	1234	newline-cut	2022-08-25T22_20_52	examples.model=bloom-1b1.task=wmt14_fr_en.templates=gpt-3-fr-en-target.fewshot=0.seed=1234.timestamp=2022-08-25T22_20_52.newline-cut.tsv	0.73
bloom-1b1	wmt14_fr_en	gpt-3-fr-en-target	0	1234		2022-08-25T22_20_52	examples.model=bloom-1b1.task=wmt14_fr_en.templates=gpt-3-fr-en-target.fewshot=0.seed=1234.timestamp=2022-08-25T22_20_52.tsv	0.73
bloom-1b1	wmt14_fr_en	translate_as-en-fr-target	0	1234	newline-cut-custom-truncate	2022-12-28T19_52_13	examples.model=bloom-1b1.task=wmt14_fr_en.templates=translate_as-en-fr-target.fewshot=0.seed=1234.timestamp=2022-12-28T19_52_13.newline-cut-custom-truncate.tsv	4.40
bloom-1b1	wmt14_fr_en	translate_as-en-fr-target	0	1234	newline-cut	2022-12-28T19_52_13	examples.model=bloom-1b1.task=wmt14_fr_en.templates=translate_as-en-fr-target.fewshot=0.seed=1234.timestamp=2022-12-28T19_52_13.newline-cut.tsv	4.42
bloom-1b1	wmt14_fr_en	translate_as-en-fr-target	0	1234		2022-12-28T19_52_13	examples.model=bloom-1b1.task=wmt14_fr_en.templates=translate_as-en-fr-target.fewshot=0.seed=1234.timestamp=2022-12-28T19_52_13.tsv	2.44
bloom-1b1	wmt14_fr_en	translate_as-fr-en-target	0	1234	newline-cut-custom-truncate	2022-12-29T11_23_11	examples.model=bloom-1b1.task=wmt14_fr_en.templates=translate_as-fr-en-target.fewshot=0.seed=1234.timestamp=2022-12-29T11_23_11.newline-cut-custom-truncate.tsv	9.25
bloom-1b1	wmt14_fr_en	translate_as-fr-en-target	0	1234	newline-cut	2022-12-29T11_23_11	examples.model=bloom-1b1.task=wmt14_fr_en.templates=translate_as-fr-en-target.fewshot=0.seed=1234.timestamp=2022-12-29T11_23_11.newline-cut.tsv	9.08
bloom-1b1	wmt14_fr_en	translate_as-fr-en-target	0	1234		2022-12-29T11_23_11	examples.model=bloom-1b1.task=wmt14_fr_en.templates=translate_as-fr-en-target.fewshot=0.seed=1234.timestamp=2022-12-29T11_23_11.tsv	5.76
bloom-1b1	wmt14_fr_en	version-en-fr-target	0	1234	newline-cut-custom-truncate	2022-08-25T22_20_52	examples.model=bloom-1b1.task=wmt14_fr_en.templates=version-en-fr-target.fewshot=0.seed=1234.timestamp=2022-08-25T22_20_52.newline-cut-custom-truncate.tsv	1.20
bloom-1b1	wmt14_fr_en	version-en-fr-target	0	1234	newline-cut	2022-08-25T22_20_52	examples.model=bloom-1b1.task=wmt14_fr_en.templates=version-en-fr-target.fewshot=0.seed=1234.timestamp=2022-08-25T22_20_52.newline-cut.tsv	1.20
bloom-1b1	wmt14_fr_en	version-en-fr-target	0	1234		2022-08-25T22_20_52	examples.model=bloom-1b1.task=wmt14_fr_en.templates=version-en-fr-target.fewshot=0.seed=1234.timestamp=2022-08-25T22_20_52.tsv	1.04
bloom-1b1	wmt14_fr_en	version-fr-en-target	0	1234	newline-cut-custom-truncate	2022-08-25T22_20_52	examples.model=bloom-1b1.task=wmt14_fr_en.templates=version-fr-en-target.fewshot=0.seed=1234.timestamp=2022-08-25T22_20_52.newline-cut-custom-truncate.tsv	13.82
bloom-1b1	wmt14_fr_en	version-fr-en-target	0	1234	newline-cut	2022-08-25T22_20_52	examples.model=bloom-1b1.task=wmt14_fr_en.templates=version-fr-en-target.fewshot=0.seed=1234.timestamp=2022-08-25T22_20_52.newline-cut.tsv	13.58
bloom-1b1	wmt14_fr_en	version-fr-en-target	0	1234		2022-08-25T22_20_52	examples.model=bloom-1b1.task=wmt14_fr_en.templates=version-fr-en-target.fewshot=0.seed=1234.timestamp=2022-08-25T22_20_52.tsv	10.21
bloom-1b1	wmt14_fr_en	xglm-en-fr-source+target	0	1234	newline-cut-custom-truncate	2022-12-25T20_33_06	examples.model=bloom-1b1.task=wmt14_fr_en.templates=xglm-en-fr-source+target.fewshot=0.seed=1234.timestamp=2022-12-25T20_33_06.newline-cut-custom-truncate.tsv	7.92
bloom-1b1	wmt14_fr_en	xglm-en-fr-source+target	0	1234	newline-cut	2022-12-25T20_33_06	examples.model=bloom-1b1.task=wmt14_fr_en.templates=xglm-en-fr-source+target.fewshot=0.seed=1234.timestamp=2022-12-25T20_33_06.newline-cut.tsv	4.05
bloom-1b1	wmt14_fr_en	xglm-en-fr-source+target	0	1234		2022-12-25T20_33_06	examples.model=bloom-1b1.task=wmt14_fr_en.templates=xglm-en-fr-source+target.fewshot=0.seed=1234.timestamp=2022-12-25T20_33_06.tsv	3.89
bloom-1b1	wmt14_fr_en	xglm-en-fr-target	0	1234	newline-cut-custom-truncate	2022-08-25T22_20_52	examples.model=bloom-1b1.task=wmt14_fr_en.templates=xglm-en-fr-target.fewshot=0.seed=1234.timestamp=2022-08-25T22_20_52.newline-cut-custom-truncate.tsv	2.19
bloom-1b1	wmt14_fr_en	xglm-en-fr-target	0	1234	newline-cut	2022-08-25T22_20_52	examples.model=bloom-1b1.task=wmt14_fr_en.templates=xglm-en-fr-target.fewshot=0.seed=1234.timestamp=2022-08-25T22_20_52.newline-cut.tsv	1.59
bloom-1b1	wmt14_fr_en	xglm-en-fr-target	0	1234		2022-08-25T22_20_52	examples.model=bloom-1b1.task=wmt14_fr_en.templates=xglm-en-fr-target.fewshot=0.seed=1234.timestamp=2022-08-25T22_20_52.tsv	1.44
bloom-1b1	wmt14_fr_en	xglm-fr-en-source+target	0	1234	newline-cut-custom-truncate	2022-12-26T23_04_14	examples.model=bloom-1b1.task=wmt14_fr_en.templates=xglm-fr-en-source+target.fewshot=0.seed=1234.timestamp=2022-12-26T23_04_14.newline-cut-custom-truncate.tsv	20.42
bloom-1b1	wmt14_fr_en	xglm-fr-en-source+target	0	1234	newline-cut	2022-12-26T23_04_14	examples.model=bloom-1b1.task=wmt14_fr_en.templates=xglm-fr-en-source+target.fewshot=0.seed=1234.timestamp=2022-12-26T23_04_14.newline-cut.tsv	9.78
bloom-1b1	wmt14_fr_en	xglm-fr-en-source+target	0	1234		2022-12-26T23_04_14	examples.model=bloom-1b1.task=wmt14_fr_en.templates=xglm-fr-en-source+target.fewshot=0.seed=1234.timestamp=2022-12-26T23_04_14.tsv	8.74
bloom-1b1	wmt14_fr_en	xglm-fr-en-target	0	1234	newline-cut-custom-truncate	2022-08-25T22_20_52	examples.model=bloom-1b1.task=wmt14_fr_en.templates=xglm-fr-en-target.fewshot=0.seed=1234.timestamp=2022-08-25T22_20_52.newline-cut-custom-truncate.tsv	5.62
bloom-1b1	wmt14_fr_en	xglm-fr-en-target	0	1234	newline-cut	2022-08-25T22_20_52	examples.model=bloom-1b1.task=wmt14_fr_en.templates=xglm-fr-en-target.fewshot=0.seed=1234.timestamp=2022-08-25T22_20_52.newline-cut.tsv	4.05
bloom-1b1	wmt14_fr_en	xglm-fr-en-target	0	1234		2022-08-25T22_20_52	examples.model=bloom-1b1.task=wmt14_fr_en.templates=xglm-fr-en-target.fewshot=0.seed=1234.timestamp=2022-08-25T22_20_52.tsv	3.42
bloom-1b7	wmt14_fr_en	translate_as-en-fr-target	0	1234	newline-cut-custom-truncate	2022-12-29T11_23_12	examples.model=bloom-1b7.task=wmt14_fr_en.templates=translate_as-en-fr-target.fewshot=0.seed=1234.timestamp=2022-12-29T11_23_12.newline-cut-custom-truncate.tsv	5.83
bloom-1b7	wmt14_fr_en	translate_as-en-fr-target	0	1234	newline-cut	2022-12-29T11_23_12	examples.model=bloom-1b7.task=wmt14_fr_en.templates=translate_as-en-fr-target.fewshot=0.seed=1234.timestamp=2022-12-29T11_23_12.newline-cut.tsv	5.83
bloom-1b7	wmt14_fr_en	translate_as-en-fr-target	0	1234		2022-12-29T11_23_12	examples.model=bloom-1b7.task=wmt14_fr_en.templates=translate_as-en-fr-target.fewshot=0.seed=1234.timestamp=2022-12-29T11_23_12.tsv	3.27
bloom-1b7	wmt14_fr_en	translate_as-fr-en-target	0	1234	newline-cut-custom-truncate	2022-12-28T19_52_13	examples.model=bloom-1b7.task=wmt14_fr_en.templates=translate_as-fr-en-target.fewshot=0.seed=1234.timestamp=2022-12-28T19_52_13.newline-cut-custom-truncate.tsv	8.28
bloom-1b7	wmt14_fr_en	translate_as-fr-en-target	0	1234	newline-cut	2022-12-28T19_52_13	examples.model=bloom-1b7.task=wmt14_fr_en.templates=translate_as-fr-en-target.fewshot=0.seed=1234.timestamp=2022-12-28T19_52_13.newline-cut.tsv	8.26
bloom-1b7	wmt14_fr_en	translate_as-fr-en-target	0	1234		2022-12-28T19_52_13	examples.model=bloom-1b7.task=wmt14_fr_en.templates=translate_as-fr-en-target.fewshot=0.seed=1234.timestamp=2022-12-28T19_52_13.tsv	4.66
bloom-1b7	wmt14_fr_en	xglm-en-fr-source+target	0	1234	newline-cut-custom-truncate	2022-12-25T20_37_05	examples.model=bloom-1b7.task=wmt14_fr_en.templates=xglm-en-fr-source+target.fewshot=0.seed=1234.timestamp=2022-12-25T20_37_05.newline-cut-custom-truncate.tsv	8.61
bloom-1b7	wmt14_fr_en	xglm-en-fr-source+target	0	1234	newline-cut	2022-12-25T20_37_05	examples.model=bloom-1b7.task=wmt14_fr_en.templates=xglm-en-fr-source+target.fewshot=0.seed=1234.timestamp=2022-12-25T20_37_05.newline-cut.tsv	4.48
bloom-1b7	wmt14_fr_en	xglm-en-fr-source+target	0	1234		2022-12-25T20_37_05	examples.model=bloom-1b7.task=wmt14_fr_en.templates=xglm-en-fr-source+target.fewshot=0.seed=1234.timestamp=2022-12-25T20_37_05.tsv	4.16
bloom-1b7	wmt14_fr_en	xglm-fr-en-source+target	0	1234	newline-cut-custom-truncate	2022-12-26T23_04_14	examples.model=bloom-1b7.task=wmt14_fr_en.templates=xglm-fr-en-source+target.fewshot=0.seed=1234.timestamp=2022-12-26T23_04_14.newline-cut-custom-truncate.tsv	26.00
bloom-1b7	wmt14_fr_en	xglm-fr-en-source+target	0	1234	newline-cut	2022-12-26T23_04_14	examples.model=bloom-1b7.task=wmt14_fr_en.templates=xglm-fr-en-source+target.fewshot=0.seed=1234.timestamp=2022-12-26T23_04_14.newline-cut.tsv	13.65
bloom-1b7	wmt14_fr_en	xglm-fr-en-source+target	0	1234		2022-12-26T23_04_14	examples.model=bloom-1b7.task=wmt14_fr_en.templates=xglm-fr-en-source+target.fewshot=0.seed=1234.timestamp=2022-12-26T23_04_14.tsv	11.41
bloom-3b	wmt14_fr_en	a_good_translation-en-fr-source+target	0	1234	newline-cut-custom-truncate	2022-08-17T22_25_29	examples.model=bloom-3b.task=wmt14_fr_en.templates=a_good_translation-en-fr-source+target.fewshot=0.seed=1234.timestamp=2022-08-17T22_25_29.newline-cut-custom-truncate.tsv	7.32
bloom-3b	wmt14_fr_en	a_good_translation-en-fr-source+target	0	1234	newline-cut	2022-08-17T22_25_29	examples.model=bloom-3b.task=wmt14_fr_en.templates=a_good_translation-en-fr-source+target.fewshot=0.seed=1234.timestamp=2022-08-17T22_25_29.newline-cut.tsv	7.19
bloom-3b	wmt14_fr_en	a_good_translation-en-fr-source+target	0	1234		2022-08-17T22_25_29	examples.model=bloom-3b.task=wmt14_fr_en.templates=a_good_translation-en-fr-source+target.fewshot=0.seed=1234.timestamp=2022-08-17T22_25_29.tsv	4.92
bloom-3b	wmt14_fr_en	a_good_translation-en-fr-target	0	1234	newline-cut-custom-truncate	2022-08-17T22_25_29	examples.model=bloom-3b.task=wmt14_fr_en.templates=a_good_translation-en-fr-target.fewshot=0.seed=1234.timestamp=2022-08-17T22_25_29.newline-cut-custom-truncate.tsv	1.97
bloom-3b	wmt14_fr_en	a_good_translation-en-fr-target	0	1234	newline-cut	2022-08-17T22_25_29	examples.model=bloom-3b.task=wmt14_fr_en.templates=a_good_translation-en-fr-target.fewshot=0.seed=1234.timestamp=2022-08-17T22_25_29.newline-cut.tsv	1.94
bloom-3b	wmt14_fr_en	a_good_translation-en-fr-target	0	1234		2022-08-17T22_25_29	examples.model=bloom-3b.task=wmt14_fr_en.templates=a_good_translation-en-fr-target.fewshot=0.seed=1234.timestamp=2022-08-17T22_25_29.tsv	1.22
bloom-3b	wmt14_fr_en	a_good_translation-fr-en-source+target	0	1234	newline-cut-custom-truncate	2022-08-17T22_25_29	examples.model=bloom-3b.task=wmt14_fr_en.templates=a_good_translation-fr-en-source+target.fewshot=0.seed=1234.timestamp=2022-08-17T22_25_29.newline-cut-custom-truncate.tsv	17.87
bloom-3b	wmt14_fr_en	a_good_translation-fr-en-source+target	0	1234	newline-cut	2022-08-17T22_25_29	examples.model=bloom-3b.task=wmt14_fr_en.templates=a_good_translation-fr-en-source+target.fewshot=0.seed=1234.timestamp=2022-08-17T22_25_29.newline-cut.tsv	17.54
bloom-3b	wmt14_fr_en	a_good_translation-fr-en-source+target	0	1234		2022-08-17T22_25_29	examples.model=bloom-3b.task=wmt14_fr_en.templates=a_good_translation-fr-en-source+target.fewshot=0.seed=1234.timestamp=2022-08-17T22_25_29.tsv	13.32
bloom-3b	wmt14_fr_en	a_good_translation-fr-en-target	0	1234	newline-cut-custom-truncate	2022-08-17T22_25_29	examples.model=bloom-3b.task=wmt14_fr_en.templates=a_good_translation-fr-en-target.fewshot=0.seed=1234.timestamp=2022-08-17T22_25_29.newline-cut-custom-truncate.tsv	23.55
bloom-3b	wmt14_fr_en	a_good_translation-fr-en-target	0	1234	newline-cut	2022-08-17T22_25_29	examples.model=bloom-3b.task=wmt14_fr_en.templates=a_good_translation-fr-en-target.fewshot=0.seed=1234.timestamp=2022-08-17T22_25_29.newline-cut.tsv	23.55
bloom-3b	wmt14_fr_en	a_good_translation-fr-en-target	0	1234		2022-08-17T22_25_29	examples.model=bloom-3b.task=wmt14_fr_en.templates=a_good_translation-fr-en-target.fewshot=0.seed=1234.timestamp=2022-08-17T22_25_29.tsv	11.98
bloom-3b	wmt14_fr_en	gpt-3-en-fr-target	0	1234	newline-cut-custom-truncate	2022-08-17T22_25_37	examples.model=bloom-3b.task=wmt14_fr_en.templates=gpt-3-en-fr-target.fewshot=0.seed=1234.timestamp=2022-08-17T22_25_37.newline-cut-custom-truncate.tsv	2.40
bloom-3b	wmt14_fr_en	gpt-3-en-fr-target	0	1234	newline-cut	2022-08-17T22_25_37	examples.model=bloom-3b.task=wmt14_fr_en.templates=gpt-3-en-fr-target.fewshot=0.seed=1234.timestamp=2022-08-17T22_25_37.newline-cut.tsv	1.57
bloom-3b	wmt14_fr_en	gpt-3-en-fr-target	0	1234		2022-08-17T22_25_37	examples.model=bloom-3b.task=wmt14_fr_en.templates=gpt-3-en-fr-target.fewshot=0.seed=1234.timestamp=2022-08-17T22_25_37.tsv	1.55
bloom-3b	wmt14_fr_en	gpt-3-fr-en-target	0	1234	newline-cut-custom-truncate	2022-08-17T22_25_29	examples.model=bloom-3b.task=wmt14_fr_en.templates=gpt-3-fr-en-target.fewshot=0.seed=1234.timestamp=2022-08-17T22_25_29.newline-cut-custom-truncate.tsv	5.08
bloom-3b	wmt14_fr_en	gpt-3-fr-en-target	0	1234	newline-cut	2022-08-17T22_25_29	examples.model=bloom-3b.task=wmt14_fr_en.templates=gpt-3-fr-en-target.fewshot=0.seed=1234.timestamp=2022-08-17T22_25_29.newline-cut.tsv	2.86
bloom-3b	wmt14_fr_en	gpt-3-fr-en-target	0	1234		2022-08-17T22_25_29	examples.model=bloom-3b.task=wmt14_fr_en.templates=gpt-3-fr-en-target.fewshot=0.seed=1234.timestamp=2022-08-17T22_25_29.tsv	2.84
bloom-3b	wmt14_fr_en	translate_as-en-fr-target	0	1234	newline-cut-custom-truncate	2022-12-29T11_23_12	examples.model=bloom-3b.task=wmt14_fr_en.templates=translate_as-en-fr-target.fewshot=0.seed=1234.timestamp=2022-12-29T11_23_12.newline-cut-custom-truncate.tsv	7.40
bloom-3b	wmt14_fr_en	translate_as-en-fr-target	0	1234	newline-cut	2022-12-29T11_23_12	examples.model=bloom-3b.task=wmt14_fr_en.templates=translate_as-en-fr-target.fewshot=0.seed=1234.timestamp=2022-12-29T11_23_12.newline-cut.tsv	7.40
bloom-3b	wmt14_fr_en	translate_as-en-fr-target	0	1234		2022-12-29T11_23_12	examples.model=bloom-3b.task=wmt14_fr_en.templates=translate_as-en-fr-target.fewshot=0.seed=1234.timestamp=2022-12-29T11_23_12.tsv	3.70
bloom-3b	wmt14_fr_en	translate_as-fr-en-target	0	1234	newline-cut-custom-truncate	2022-12-28T19_52_13	examples.model=bloom-3b.task=wmt14_fr_en.templates=translate_as-fr-en-target.fewshot=0.seed=1234.timestamp=2022-12-28T19_52_13.newline-cut-custom-truncate.tsv	11.54
bloom-3b	wmt14_fr_en	translate_as-fr-en-target	0	1234	newline-cut	2022-12-28T19_52_13	examples.model=bloom-3b.task=wmt14_fr_en.templates=translate_as-fr-en-target.fewshot=0.seed=1234.timestamp=2022-12-28T19_52_13.newline-cut.tsv	11.50
bloom-3b	wmt14_fr_en	translate_as-fr-en-target	0	1234		2022-12-28T19_52_13	examples.model=bloom-3b.task=wmt14_fr_en.templates=translate_as-fr-en-target.fewshot=0.seed=1234.timestamp=2022-12-28T19_52_13.tsv	6.59
bloom-3b	wmt14_fr_en	version-en-fr-target	0	1234	newline-cut-custom-truncate	2022-08-17T22_25_29	examples.model=bloom-3b.task=wmt14_fr_en.templates=version-en-fr-target.fewshot=0.seed=1234.timestamp=2022-08-17T22_25_29.newline-cut-custom-truncate.tsv	3.53
bloom-3b	wmt14_fr_en	version-en-fr-target	0	1234	newline-cut	2022-08-17T22_25_29	examples.model=bloom-3b.task=wmt14_fr_en.templates=version-en-fr-target.fewshot=0.seed=1234.timestamp=2022-08-17T22_25_29.newline-cut.tsv	3.51
bloom-3b	wmt14_fr_en	version-en-fr-target	0	1234		2022-08-17T22_25_29	examples.model=bloom-3b.task=wmt14_fr_en.templates=version-en-fr-target.fewshot=0.seed=1234.timestamp=2022-08-17T22_25_29.tsv	3.03
bloom-3b	wmt14_fr_en	version-fr-en-target	0	1234	newline-cut-custom-truncate	2022-08-17T22_25_37	examples.model=bloom-3b.task=wmt14_fr_en.templates=version-fr-en-target.fewshot=0.seed=1234.timestamp=2022-08-17T22_25_37.newline-cut-custom-truncate.tsv	27.33
bloom-3b	wmt14_fr_en	version-fr-en-target	0	1234	newline-cut	2022-08-17T22_25_37	examples.model=bloom-3b.task=wmt14_fr_en.templates=version-fr-en-target.fewshot=0.seed=1234.timestamp=2022-08-17T22_25_37.newline-cut.tsv	27.26
bloom-3b	wmt14_fr_en	version-fr-en-target	0	1234		2022-08-17T22_25_37	examples.model=bloom-3b.task=wmt14_fr_en.templates=version-fr-en-target.fewshot=0.seed=1234.timestamp=2022-08-17T22_25_37.tsv	19.34
bloom-3b	wmt14_fr_en	xglm-en-fr-source+target	0	1234	newline-cut-custom-truncate	2022-12-25T20_40_26	examples.model=bloom-3b.task=wmt14_fr_en.templates=xglm-en-fr-source+target.fewshot=0.seed=1234.timestamp=2022-12-25T20_40_26.newline-cut-custom-truncate.tsv	19.24
bloom-3b	wmt14_fr_en	xglm-en-fr-source+target	0	1234	newline-cut	2022-12-25T20_40_26	examples.model=bloom-3b.task=wmt14_fr_en.templates=xglm-en-fr-source+target.fewshot=0.seed=1234.timestamp=2022-12-25T20_40_26.newline-cut.tsv	9.84
bloom-3b	wmt14_fr_en	xglm-en-fr-source+target	0	1234		2022-12-25T20_40_26	examples.model=bloom-3b.task=wmt14_fr_en.templates=xglm-en-fr-source+target.fewshot=0.seed=1234.timestamp=2022-12-25T20_40_26.tsv	9.60
bloom-3b	wmt14_fr_en	xglm-en-fr-target	0	1234	newline-cut-custom-truncate	2022-08-17T22_25_29	examples.model=bloom-3b.task=wmt14_fr_en.templates=xglm-en-fr-target.fewshot=0.seed=1234.timestamp=2022-08-17T22_25_29.newline-cut-custom-truncate.tsv	1.89
bloom-3b	wmt14_fr_en	xglm-en-fr-target	0	1234	newline-cut	2022-08-17T22_25_29	examples.model=bloom-3b.task=wmt14_fr_en.templates=xglm-en-fr-target.fewshot=0.seed=1234.timestamp=2022-08-17T22_25_29.newline-cut.tsv	1.78
bloom-3b	wmt14_fr_en	xglm-en-fr-target	0	1234		2022-08-17T22_25_29	examples.model=bloom-3b.task=wmt14_fr_en.templates=xglm-en-fr-target.fewshot=0.seed=1234.timestamp=2022-08-17T22_25_29.tsv	1.21
bloom-3b	wmt14_fr_en	xglm-fr-en-source+target	0	1234	newline-cut-custom-truncate	2022-12-26T23_04_14	examples.model=bloom-3b.task=wmt14_fr_en.templates=xglm-fr-en-source+target.fewshot=0.seed=1234.timestamp=2022-12-26T23_04_14.newline-cut-custom-truncate.tsv	28.85
bloom-3b	wmt14_fr_en	xglm-fr-en-source+target	0	1234	newline-cut	2022-12-26T23_04_14	examples.model=bloom-3b.task=wmt14_fr_en.templates=xglm-fr-en-source+target.fewshot=0.seed=1234.timestamp=2022-12-26T23_04_14.newline-cut.tsv	15.68
bloom-3b	wmt14_fr_en	xglm-fr-en-source+target	0	1234		2022-12-26T23_04_14	examples.model=bloom-3b.task=wmt14_fr_en.templates=xglm-fr-en-source+target.fewshot=0.seed=1234.timestamp=2022-12-26T23_04_14.tsv	14.52
bloom-3b	wmt14_fr_en	xglm-fr-en-target	0	1234	newline-cut-custom-truncate	2022-08-17T22_25_29	examples.model=bloom-3b.task=wmt14_fr_en.templates=xglm-fr-en-target.fewshot=0.seed=1234.timestamp=2022-08-17T22_25_29.newline-cut-custom-truncate.tsv	11.22
bloom-3b	wmt14_fr_en	xglm-fr-en-target	0	1234	newline-cut	2022-08-17T22_25_29	examples.model=bloom-3b.task=wmt14_fr_en.templates=xglm-fr-en-target.fewshot=0.seed=1234.timestamp=2022-08-17T22_25_29.newline-cut.tsv	9.05
bloom-3b	wmt14_fr_en	xglm-fr-en-target	0	1234		2022-08-17T22_25_29	examples.model=bloom-3b.task=wmt14_fr_en.templates=xglm-fr-en-target.fewshot=0.seed=1234.timestamp=2022-08-17T22_25_29.tsv	5.66
bloom-560m	wmt14_fr_en	a_good_translation-en-fr-source+target	0	1234	newline-cut-custom-truncate	2022-09-07T09_32_10	examples.model=bloom-560m.task=wmt14_fr_en.templates=a_good_translation-en-fr-source+target.fewshot=0.seed=1234.timestamp=2022-09-07T09_32_10.newline-cut-custom-truncate.tsv	0.69
bloom-560m	wmt14_fr_en	a_good_translation-en-fr-source+target	0	1234	newline-cut	2022-09-07T09_32_10	examples.model=bloom-560m.task=wmt14_fr_en.templates=a_good_translation-en-fr-source+target.fewshot=0.seed=1234.timestamp=2022-09-07T09_32_10.newline-cut.tsv	0.62
bloom-560m	wmt14_fr_en	a_good_translation-en-fr-source+target	0	1234		2022-09-07T09_32_10	examples.model=bloom-560m.task=wmt14_fr_en.templates=a_good_translation-en-fr-source+target.fewshot=0.seed=1234.timestamp=2022-09-07T09_32_10.tsv	0.57
bloom-560m	wmt14_fr_en	a_good_translation-en-fr-target	0	1234	newline-cut-custom-truncate	2022-09-07T09_32_10	examples.model=bloom-560m.task=wmt14_fr_en.templates=a_good_translation-en-fr-target.fewshot=0.seed=1234.timestamp=2022-09-07T09_32_10.newline-cut-custom-truncate.tsv	0.55
bloom-560m	wmt14_fr_en	a_good_translation-en-fr-target	0	1234	newline-cut	2022-09-07T09_32_10	examples.model=bloom-560m.task=wmt14_fr_en.templates=a_good_translation-en-fr-target.fewshot=0.seed=1234.timestamp=2022-09-07T09_32_10.newline-cut.tsv	0.48
bloom-560m	wmt14_fr_en	a_good_translation-en-fr-target	0	1234		2022-09-07T09_32_10	examples.model=bloom-560m.task=wmt14_fr_en.templates=a_good_translation-en-fr-target.fewshot=0.seed=1234.timestamp=2022-09-07T09_32_10.tsv	0.40
bloom-560m	wmt14_fr_en	a_good_translation-fr-en-source+target	0	1234	newline-cut-custom-truncate	2022-09-07T09_35_52	examples.model=bloom-560m.task=wmt14_fr_en.templates=a_good_translation-fr-en-source+target.fewshot=0.seed=1234.timestamp=2022-09-07T09_35_52.newline-cut-custom-truncate.tsv	7.49
bloom-560m	wmt14_fr_en	a_good_translation-fr-en-source+target	0	1234	newline-cut	2022-09-07T09_35_52	examples.model=bloom-560m.task=wmt14_fr_en.templates=a_good_translation-fr-en-source+target.fewshot=0.seed=1234.timestamp=2022-09-07T09_35_52.newline-cut.tsv	6.11
bloom-560m	wmt14_fr_en	a_good_translation-fr-en-source+target	0	1234		2022-09-07T09_35_52	examples.model=bloom-560m.task=wmt14_fr_en.templates=a_good_translation-fr-en-source+target.fewshot=0.seed=1234.timestamp=2022-09-07T09_35_52.tsv	5.43
bloom-560m	wmt14_fr_en	a_good_translation-fr-en-target	0	1234	newline-cut-custom-truncate	2022-09-07T09_35_52	examples.model=bloom-560m.task=wmt14_fr_en.templates=a_good_translation-fr-en-target.fewshot=0.seed=1234.timestamp=2022-09-07T09_35_52.newline-cut-custom-truncate.tsv	6.60
bloom-560m	wmt14_fr_en	a_good_translation-fr-en-target	0	1234	newline-cut	2022-09-07T09_35_52	examples.model=bloom-560m.task=wmt14_fr_en.templates=a_good_translation-fr-en-target.fewshot=0.seed=1234.timestamp=2022-09-07T09_35_52.newline-cut.tsv	5.63
bloom-560m	wmt14_fr_en	a_good_translation-fr-en-target	0	1234		2022-09-07T09_35_52	examples.model=bloom-560m.task=wmt14_fr_en.templates=a_good_translation-fr-en-target.fewshot=0.seed=1234.timestamp=2022-09-07T09_35_52.tsv	5.11
bloom-560m	wmt14_fr_en	gpt-3-en-fr-target	0	1234	newline-cut-custom-truncate	2022-09-07T09_32_10	examples.model=bloom-560m.task=wmt14_fr_en.templates=gpt-3-en-fr-target.fewshot=0.seed=1234.timestamp=2022-09-07T09_32_10.newline-cut-custom-truncate.tsv	0.67
bloom-560m	wmt14_fr_en	gpt-3-en-fr-target	0	1234	newline-cut	2022-09-07T09_32_10	examples.model=bloom-560m.task=wmt14_fr_en.templates=gpt-3-en-fr-target.fewshot=0.seed=1234.timestamp=2022-09-07T09_32_10.newline-cut.tsv	0.47
bloom-560m	wmt14_fr_en	gpt-3-en-fr-target	0	1234		2022-09-07T09_32_10	examples.model=bloom-560m.task=wmt14_fr_en.templates=gpt-3-en-fr-target.fewshot=0.seed=1234.timestamp=2022-09-07T09_32_10.tsv	0.46
bloom-560m	wmt14_fr_en	gpt-3-fr-en-target	0	1234	newline-cut-custom-truncate	2022-09-07T09_35_52	examples.model=bloom-560m.task=wmt14_fr_en.templates=gpt-3-fr-en-target.fewshot=0.seed=1234.timestamp=2022-09-07T09_35_52.newline-cut-custom-truncate.tsv	2.24
bloom-560m	wmt14_fr_en	gpt-3-fr-en-target	0	1234	newline-cut	2022-09-07T09_35_52	examples.model=bloom-560m.task=wmt14_fr_en.templates=gpt-3-fr-en-target.fewshot=0.seed=1234.timestamp=2022-09-07T09_35_52.newline-cut.tsv	1.43
bloom-560m	wmt14_fr_en	gpt-3-fr-en-target	0	1234		2022-09-07T09_35_52	examples.model=bloom-560m.task=wmt14_fr_en.templates=gpt-3-fr-en-target.fewshot=0.seed=1234.timestamp=2022-09-07T09_35_52.tsv	1.42
bloom-560m	wmt14_fr_en	translate_as-en-fr-target	0	1234	newline-cut-custom-truncate	2022-12-29T11_23_11	examples.model=bloom-560m.task=wmt14_fr_en.templates=translate_as-en-fr-target.fewshot=0.seed=1234.timestamp=2022-12-29T11_23_11.newline-cut-custom-truncate.tsv	0.60
bloom-560m	wmt14_fr_en	translate_as-en-fr-target	0	1234	newline-cut	2022-12-29T11_23_11	examples.model=bloom-560m.task=wmt14_fr_en.templates=translate_as-en-fr-target.fewshot=0.seed=1234.timestamp=2022-12-29T11_23_11.newline-cut.tsv	0.60
bloom-560m	wmt14_fr_en	translate_as-en-fr-target	0	1234		2022-12-29T11_23_11	examples.model=bloom-560m.task=wmt14_fr_en.templates=translate_as-en-fr-target.fewshot=0.seed=1234.timestamp=2022-12-29T11_23_11.tsv	0.39
bloom-560m	wmt14_fr_en	translate_as-fr-en-target	0	1234	newline-cut-custom-truncate	2022-12-28T13_23_28	examples.model=bloom-560m.task=wmt14_fr_en.templates=translate_as-fr-en-target.fewshot=0.seed=1234.timestamp=2022-12-28T13_23_28.newline-cut-custom-truncate.tsv	2.29
bloom-560m	wmt14_fr_en	translate_as-fr-en-target	0	1234	newline-cut	2022-12-28T13_23_28	examples.model=bloom-560m.task=wmt14_fr_en.templates=translate_as-fr-en-target.fewshot=0.seed=1234.timestamp=2022-12-28T13_23_28.newline-cut.tsv	2.29
bloom-560m	wmt14_fr_en	translate_as-fr-en-target	0	1234		2022-12-28T13_23_28	examples.model=bloom-560m.task=wmt14_fr_en.templates=translate_as-fr-en-target.fewshot=0.seed=1234.timestamp=2022-12-28T13_23_28.tsv	2.15
bloom-560m	wmt14_fr_en	version-en-fr-target	0	1234	newline-cut-custom-truncate	2022-09-07T09_29_17	examples.model=bloom-560m.task=wmt14_fr_en.templates=version-en-fr-target.fewshot=0.seed=1234.timestamp=2022-09-07T09_29_17.newline-cut-custom-truncate.tsv	0.68
bloom-560m	wmt14_fr_en	version-en-fr-target	0	1234	newline-cut	2022-09-07T09_29_17	examples.model=bloom-560m.task=wmt14_fr_en.templates=version-en-fr-target.fewshot=0.seed=1234.timestamp=2022-09-07T09_29_17.newline-cut.tsv	0.68
bloom-560m	wmt14_fr_en	version-en-fr-target	0	1234		2022-09-07T09_29_17	examples.model=bloom-560m.task=wmt14_fr_en.templates=version-en-fr-target.fewshot=0.seed=1234.timestamp=2022-09-07T09_29_17.tsv	0.58
bloom-560m	wmt14_fr_en	version-fr-en-target	0	1234	newline-cut-custom-truncate	2022-09-07T09_32_47	examples.model=bloom-560m.task=wmt14_fr_en.templates=version-fr-en-target.fewshot=0.seed=1234.timestamp=2022-09-07T09_32_47.newline-cut-custom-truncate.tsv	4.71
bloom-560m	wmt14_fr_en	version-fr-en-target	0	1234	newline-cut	2022-09-07T09_32_47	examples.model=bloom-560m.task=wmt14_fr_en.templates=version-fr-en-target.fewshot=0.seed=1234.timestamp=2022-09-07T09_32_47.newline-cut.tsv	4.65
bloom-560m	wmt14_fr_en	version-fr-en-target	0	1234		2022-09-07T09_32_47	examples.model=bloom-560m.task=wmt14_fr_en.templates=version-fr-en-target.fewshot=0.seed=1234.timestamp=2022-09-07T09_32_47.tsv	3.87
bloom-560m	wmt14_fr_en	xglm-en-fr-source+target	0	1234	newline-cut-custom-truncate	2022-12-25T19_16_08	examples.model=bloom-560m.task=wmt14_fr_en.templates=xglm-en-fr-source+target.fewshot=0.seed=1234.timestamp=2022-12-25T19_16_08.newline-cut-custom-truncate.tsv	1.33
bloom-560m	wmt14_fr_en	xglm-en-fr-source+target	0	1234	newline-cut	2022-12-25T19_16_08	examples.model=bloom-560m.task=wmt14_fr_en.templates=xglm-en-fr-source+target.fewshot=0.seed=1234.timestamp=2022-12-25T19_16_08.newline-cut.tsv	0.92
bloom-560m	wmt14_fr_en	xglm-en-fr-source+target	0	1234		2022-12-25T19_16_08	examples.model=bloom-560m.task=wmt14_fr_en.templates=xglm-en-fr-source+target.fewshot=0.seed=1234.timestamp=2022-12-25T19_16_08.tsv	0.86
bloom-560m	wmt14_fr_en	xglm-en-fr-target	0	1234	newline-cut-custom-truncate	2022-09-07T09_32_10	examples.model=bloom-560m.task=wmt14_fr_en.templates=xglm-en-fr-target.fewshot=0.seed=1234.timestamp=2022-09-07T09_32_10.newline-cut-custom-truncate.tsv	1.08
bloom-560m	wmt14_fr_en	xglm-en-fr-target	0	1234	newline-cut	2022-09-07T09_32_10	examples.model=bloom-560m.task=wmt14_fr_en.templates=xglm-en-fr-target.fewshot=0.seed=1234.timestamp=2022-09-07T09_32_10.newline-cut.tsv	0.84
bloom-560m	wmt14_fr_en	xglm-en-fr-target	0	1234		2022-09-07T09_32_10	examples.model=bloom-560m.task=wmt14_fr_en.templates=xglm-en-fr-target.fewshot=0.seed=1234.timestamp=2022-09-07T09_32_10.tsv	0.70
bloom-560m	wmt14_fr_en	xglm-fr-en-source+target	0	1234	newline-cut-custom-truncate	2022-12-26T23_04_14	examples.model=bloom-560m.task=wmt14_fr_en.templates=xglm-fr-en-source+target.fewshot=0.seed=1234.timestamp=2022-12-26T23_04_14.newline-cut-custom-truncate.tsv	8.33
bloom-560m	wmt14_fr_en	xglm-fr-en-source+target	0	1234	newline-cut	2022-12-26T23_04_14	examples.model=bloom-560m.task=wmt14_fr_en.templates=xglm-fr-en-source+target.fewshot=0.seed=1234.timestamp=2022-12-26T23_04_14.newline-cut.tsv	5.43
bloom-560m	wmt14_fr_en	xglm-fr-en-source+target	0	1234		2022-12-26T23_04_14	examples.model=bloom-560m.task=wmt14_fr_en.templates=xglm-fr-en-source+target.fewshot=0.seed=1234.timestamp=2022-12-26T23_04_14.tsv	5.01
bloom-560m	wmt14_fr_en	xglm-fr-en-target	0	1234	newline-cut-custom-truncate	2022-09-07T09_35_52	examples.model=bloom-560m.task=wmt14_fr_en.templates=xglm-fr-en-target.fewshot=0.seed=1234.timestamp=2022-09-07T09_35_52.newline-cut-custom-truncate.tsv	4.45
bloom-560m	wmt14_fr_en	xglm-fr-en-target	0	1234	newline-cut	2022-09-07T09_35_52	examples.model=bloom-560m.task=wmt14_fr_en.templates=xglm-fr-en-target.fewshot=0.seed=1234.timestamp=2022-09-07T09_35_52.newline-cut.tsv	2.79
bloom-560m	wmt14_fr_en	xglm-fr-en-target	0	1234		2022-09-07T09_35_52	examples.model=bloom-560m.task=wmt14_fr_en.templates=xglm-fr-en-target.fewshot=0.seed=1234.timestamp=2022-09-07T09_35_52.tsv	2.65
bloom-7b1	wmt14_fr_en	a_good_translation-en-fr-source+target	0	1234	newline-cut-custom-truncate	2022-08-11T12_09_15	examples.model=bloom-7b1.task=wmt14_fr_en.templates=a_good_translation-en-fr-source+target.fewshot=0.seed=1234.timestamp=2022-08-11T12_09_15.newline-cut-custom-truncate.tsv	15.35
bloom-7b1	wmt14_fr_en	a_good_translation-en-fr-source+target	0	1234	newline-cut	2022-08-11T12_09_15	examples.model=bloom-7b1.task=wmt14_fr_en.templates=a_good_translation-en-fr-source+target.fewshot=0.seed=1234.timestamp=2022-08-11T12_09_15.newline-cut.tsv	13.88
bloom-7b1	wmt14_fr_en	a_good_translation-en-fr-source+target	0	1234		2022-08-11T12_09_15	examples.model=bloom-7b1.task=wmt14_fr_en.templates=a_good_translation-en-fr-source+target.fewshot=0.seed=1234.timestamp=2022-08-11T12_09_15.tsv	10.93
bloom-7b1	wmt14_fr_en	a_good_translation-en-fr-target	0	1234	newline-cut-custom-truncate	2022-08-11T11_23_13	examples.model=bloom-7b1.task=wmt14_fr_en.templates=a_good_translation-en-fr-target.fewshot=0.seed=1234.timestamp=2022-08-11T11_23_13.newline-cut-custom-truncate.tsv	5.99
bloom-7b1	wmt14_fr_en	a_good_translation-en-fr-target	0	1234	newline-cut	2022-08-11T11_23_13	examples.model=bloom-7b1.task=wmt14_fr_en.templates=a_good_translation-en-fr-target.fewshot=0.seed=1234.timestamp=2022-08-11T11_23_13.newline-cut.tsv	5.51
bloom-7b1	wmt14_fr_en	a_good_translation-en-fr-target	0	1234		2022-08-11T11_23_13	examples.model=bloom-7b1.task=wmt14_fr_en.templates=a_good_translation-en-fr-target.fewshot=0.seed=1234.timestamp=2022-08-11T11_23_13.tsv	3.47
bloom-7b1	wmt14_fr_en	a_good_translation-fr-en-source+target	0	1234	newline-cut-custom-truncate	2022-08-11T12_08_52	examples.model=bloom-7b1.task=wmt14_fr_en.templates=a_good_translation-fr-en-source+target.fewshot=0.seed=1234.timestamp=2022-08-11T12_08_52.newline-cut-custom-truncate.tsv	22.19
bloom-7b1	wmt14_fr_en	a_good_translation-fr-en-source+target	0	1234	newline-cut	2022-08-11T12_08_52	examples.model=bloom-7b1.task=wmt14_fr_en.templates=a_good_translation-fr-en-source+target.fewshot=0.seed=1234.timestamp=2022-08-11T12_08_52.newline-cut.tsv	18.75
bloom-7b1	wmt14_fr_en	a_good_translation-fr-en-source+target	0	1234		2022-08-11T12_08_52	examples.model=bloom-7b1.task=wmt14_fr_en.templates=a_good_translation-fr-en-source+target.fewshot=0.seed=1234.timestamp=2022-08-11T12_08_52.tsv	12.47
bloom-7b1	wmt14_fr_en	a_good_translation-fr-en-target	0	1234	newline-cut-custom-truncate	2022-08-11T12_08_52	examples.model=bloom-7b1.task=wmt14_fr_en.templates=a_good_translation-fr-en-target.fewshot=0.seed=1234.timestamp=2022-08-11T12_08_52.newline-cut-custom-truncate.tsv	29.65
bloom-7b1	wmt14_fr_en	a_good_translation-fr-en-target	0	1234	newline-cut	2022-08-11T12_08_52	examples.model=bloom-7b1.task=wmt14_fr_en.templates=a_good_translation-fr-en-target.fewshot=0.seed=1234.timestamp=2022-08-11T12_08_52.newline-cut.tsv	27.23
bloom-7b1	wmt14_fr_en	a_good_translation-fr-en-target	0	1234		2022-08-11T12_08_52	examples.model=bloom-7b1.task=wmt14_fr_en.templates=a_good_translation-fr-en-target.fewshot=0.seed=1234.timestamp=2022-08-11T12_08_52.tsv	14.91
bloom-7b1	wmt14_fr_en	gpt-3-en-fr-target	0	1234	newline-cut-custom-truncate	2022-08-11T11_27_00	examples.model=bloom-7b1.task=wmt14_fr_en.templates=gpt-3-en-fr-target.fewshot=0.seed=1234.timestamp=2022-08-11T11_27_00.newline-cut-custom-truncate.tsv	2.08
bloom-7b1	wmt14_fr_en	gpt-3-en-fr-target	0	1234	newline-cut	2022-08-11T11_27_00	examples.model=bloom-7b1.task=wmt14_fr_en.templates=gpt-3-en-fr-target.fewshot=0.seed=1234.timestamp=2022-08-11T11_27_00.newline-cut.tsv	1.78
bloom-7b1	wmt14_fr_en	gpt-3-en-fr-target	0	1234		2022-08-11T11_27_00	examples.model=bloom-7b1.task=wmt14_fr_en.templates=gpt-3-en-fr-target.fewshot=0.seed=1234.timestamp=2022-08-11T11_27_00.tsv	1.72
bloom-7b1	wmt14_fr_en	gpt-3-fr-en-target	0	1234	newline-cut-custom-truncate	2022-08-11T13_22_41	examples.model=bloom-7b1.task=wmt14_fr_en.templates=gpt-3-fr-en-target.fewshot=0.seed=1234.timestamp=2022-08-11T13_22_41.newline-cut-custom-truncate.tsv	7.21
bloom-7b1	wmt14_fr_en	gpt-3-fr-en-target	0	1234	newline-cut	2022-08-11T13_22_41	examples.model=bloom-7b1.task=wmt14_fr_en.templates=gpt-3-fr-en-target.fewshot=0.seed=1234.timestamp=2022-08-11T13_22_41.newline-cut.tsv	4.93
bloom-7b1	wmt14_fr_en	gpt-3-fr-en-target	0	1234		2022-08-11T13_22_41	examples.model=bloom-7b1.task=wmt14_fr_en.templates=gpt-3-fr-en-target.fewshot=0.seed=1234.timestamp=2022-08-11T13_22_41.tsv	4.77
bloom-7b1	wmt14_fr_en	translate_as-en-fr-target	0	1234	newline-cut-custom-truncate	2022-12-28T19_52_13	examples.model=bloom-7b1.task=wmt14_fr_en.templates=translate_as-en-fr-target.fewshot=0.seed=1234.timestamp=2022-12-28T19_52_13.newline-cut-custom-truncate.tsv	9.72
bloom-7b1	wmt14_fr_en	translate_as-en-fr-target	0	1234	newline-cut	2022-12-28T19_52_13	examples.model=bloom-7b1.task=wmt14_fr_en.templates=translate_as-en-fr-target.fewshot=0.seed=1234.timestamp=2022-12-28T19_52_13.newline-cut.tsv	9.74
bloom-7b1	wmt14_fr_en	translate_as-en-fr-target	0	1234		2022-12-28T19_52_13	examples.model=bloom-7b1.task=wmt14_fr_en.templates=translate_as-en-fr-target.fewshot=0.seed=1234.timestamp=2022-12-28T19_52_13.tsv	5.04
bloom-7b1	wmt14_fr_en	translate_as-fr-en-target	0	1234	newline-cut-custom-truncate	2022-12-28T19_52_13	examples.model=bloom-7b1.task=wmt14_fr_en.templates=translate_as-fr-en-target.fewshot=0.seed=1234.timestamp=2022-12-28T19_52_13.newline-cut-custom-truncate.tsv	14.26
bloom-7b1	wmt14_fr_en	translate_as-fr-en-target	0	1234	newline-cut	2022-12-28T19_52_13	examples.model=bloom-7b1.task=wmt14_fr_en.templates=translate_as-fr-en-target.fewshot=0.seed=1234.timestamp=2022-12-28T19_52_13.newline-cut.tsv	14.19
bloom-7b1	wmt14_fr_en	translate_as-fr-en-target	0	1234		2022-12-28T19_52_13	examples.model=bloom-7b1.task=wmt14_fr_en.templates=translate_as-fr-en-target.fewshot=0.seed=1234.timestamp=2022-12-28T19_52_13.tsv	8.41
bloom-7b1	wmt14_fr_en	version-en-fr-target	0	1234	newline-cut-custom-truncate	2022-08-11T10_32_00	examples.model=bloom-7b1.task=wmt14_fr_en.templates=version-en-fr-target.fewshot=0.seed=1234.timestamp=2022-08-11T10_32_00.newline-cut-custom-truncate.tsv	12.56
bloom-7b1	wmt14_fr_en	version-en-fr-target	0	1234	newline-cut	2022-08-11T10_32_00	examples.model=bloom-7b1.task=wmt14_fr_en.templates=version-en-fr-target.fewshot=0.seed=1234.timestamp=2022-08-11T10_32_00.newline-cut.tsv	12.57
bloom-7b1	wmt14_fr_en	version-en-fr-target	0	1234		2022-08-11T10_32_00	examples.model=bloom-7b1.task=wmt14_fr_en.templates=version-en-fr-target.fewshot=0.seed=1234.timestamp=2022-08-11T10_32_00.tsv	10.77
bloom-7b1	wmt14_fr_en	version-fr-en-target	0	1234	newline-cut-custom-truncate	2022-08-11T12_08_52	examples.model=bloom-7b1.task=wmt14_fr_en.templates=version-fr-en-target.fewshot=0.seed=1234.timestamp=2022-08-11T12_08_52.newline-cut-custom-truncate.tsv	29.95
bloom-7b1	wmt14_fr_en	version-fr-en-target	0	1234	newline-cut	2022-08-11T12_08_52	examples.model=bloom-7b1.task=wmt14_fr_en.templates=version-fr-en-target.fewshot=0.seed=1234.timestamp=2022-08-11T12_08_52.newline-cut.tsv	30.01
bloom-7b1	wmt14_fr_en	version-fr-en-target	0	1234		2022-08-11T12_08_52	examples.model=bloom-7b1.task=wmt14_fr_en.templates=version-fr-en-target.fewshot=0.seed=1234.timestamp=2022-08-11T12_08_52.tsv	25.10
bloom-7b1	wmt14_fr_en	xglm-en-fr-source+target	0	1234	newline-cut-custom-truncate	2022-12-25T20_42_48	examples.model=bloom-7b1.task=wmt14_fr_en.templates=xglm-en-fr-source+target.fewshot=0.seed=1234.timestamp=2022-12-25T20_42_48.newline-cut-custom-truncate.tsv	25.15
bloom-7b1	wmt14_fr_en	xglm-en-fr-source+target	0	1234	newline-cut	2022-12-25T20_42_48	examples.model=bloom-7b1.task=wmt14_fr_en.templates=xglm-en-fr-source+target.fewshot=0.seed=1234.timestamp=2022-12-25T20_42_48.newline-cut.tsv	13.31
bloom-7b1	wmt14_fr_en	xglm-en-fr-source+target	0	1234		2022-12-25T20_42_48	examples.model=bloom-7b1.task=wmt14_fr_en.templates=xglm-en-fr-source+target.fewshot=0.seed=1234.timestamp=2022-12-25T20_42_48.tsv	12.12
bloom-7b1	wmt14_fr_en	xglm-en-fr-target	0	1234	newline-cut-custom-truncate	2022-08-11T13_22_41	examples.model=bloom-7b1.task=wmt14_fr_en.templates=xglm-en-fr-target.fewshot=0.seed=1234.timestamp=2022-08-11T13_22_41.newline-cut-custom-truncate.tsv	2.72
bloom-7b1	wmt14_fr_en	xglm-en-fr-target	0	1234	newline-cut	2022-08-11T13_22_41	examples.model=bloom-7b1.task=wmt14_fr_en.templates=xglm-en-fr-target.fewshot=0.seed=1234.timestamp=2022-08-11T13_22_41.newline-cut.tsv	2.24
bloom-7b1	wmt14_fr_en	xglm-en-fr-target	0	1234		2022-08-11T13_22_41	examples.model=bloom-7b1.task=wmt14_fr_en.templates=xglm-en-fr-target.fewshot=0.seed=1234.timestamp=2022-08-11T13_22_41.tsv	1.52
bloom-7b1	wmt14_fr_en	xglm-fr-en-source+target	0	1234	newline-cut-custom-truncate	2022-12-26T23_04_14	examples.model=bloom-7b1.task=wmt14_fr_en.templates=xglm-fr-en-source+target.fewshot=0.seed=1234.timestamp=2022-12-26T23_04_14.newline-cut-custom-truncate.tsv	33.28
bloom-7b1	wmt14_fr_en	xglm-fr-en-source+target	0	1234	newline-cut	2022-12-26T23_04_14	examples.model=bloom-7b1.task=wmt14_fr_en.templates=xglm-fr-en-source+target.fewshot=0.seed=1234.timestamp=2022-12-26T23_04_14.newline-cut.tsv	30.43
bloom-7b1	wmt14_fr_en	xglm-fr-en-source+target	0	1234		2022-12-26T23_04_14	examples.model=bloom-7b1.task=wmt14_fr_en.templates=xglm-fr-en-source+target.fewshot=0.seed=1234.timestamp=2022-12-26T23_04_14.tsv	15.00
bloom-7b1	wmt14_fr_en	xglm-fr-en-target	0	1234	newline-cut-custom-truncate	2022-08-11T13_22_41	examples.model=bloom-7b1.task=wmt14_fr_en.templates=xglm-fr-en-target.fewshot=0.seed=1234.timestamp=2022-08-11T13_22_41.newline-cut-custom-truncate.tsv	16.11
bloom-7b1	wmt14_fr_en	xglm-fr-en-target	0	1234	newline-cut	2022-08-11T13_22_41	examples.model=bloom-7b1.task=wmt14_fr_en.templates=xglm-fr-en-target.fewshot=0.seed=1234.timestamp=2022-08-11T13_22_41.newline-cut.tsv	15.19
bloom-7b1	wmt14_fr_en	xglm-fr-en-target	0	1234		2022-08-11T13_22_41	examples.model=bloom-7b1.task=wmt14_fr_en.templates=xglm-fr-en-target.fewshot=0.seed=1234.timestamp=2022-08-11T13_22_41.tsv	9.07
bloom	wmt14_fr_en	a_good_translation-en-fr-source+target	0	1234	newline-cut-custom-truncate	2022-08-15T22_15_12	examples.model=bloom.task=wmt14_fr_en.templates=a_good_translation-en-fr-source+target.fewshot=0.seed=1234.timestamp=2022-08-15T22_15_12.newline-cut-custom-truncate.tsv	17.04
bloom	wmt14_fr_en	a_good_translation-en-fr-source+target	0	1234	newline-cut	2022-08-15T22_15_12	examples.model=bloom.task=wmt14_fr_en.templates=a_good_translation-en-fr-source+target.fewshot=0.seed=1234.timestamp=2022-08-15T22_15_12.newline-cut.tsv	16.76
bloom	wmt14_fr_en	a_good_translation-en-fr-source+target	0	1234		2022-08-15T22_15_12	examples.model=bloom.task=wmt14_fr_en.templates=a_good_translation-en-fr-source+target.fewshot=0.seed=1234.timestamp=2022-08-15T22_15_12.tsv	15.38
bloom	wmt14_fr_en	a_good_translation-en-fr-target	0	1234	newline-cut-custom-truncate	2022-08-15T22_15_12	examples.model=bloom.task=wmt14_fr_en.templates=a_good_translation-en-fr-target.fewshot=0.seed=1234.timestamp=2022-08-15T22_15_12.newline-cut-custom-truncate.tsv	13.89
bloom	wmt14_fr_en	a_good_translation-en-fr-target	0	1234	newline-cut	2022-08-15T22_15_12	examples.model=bloom.task=wmt14_fr_en.templates=a_good_translation-en-fr-target.fewshot=0.seed=1234.timestamp=2022-08-15T22_15_12.newline-cut.tsv	13.43
bloom	wmt14_fr_en	a_good_translation-en-fr-target	0	1234		2022-08-15T22_15_12	examples.model=bloom.task=wmt14_fr_en.templates=a_good_translation-en-fr-target.fewshot=0.seed=1234.timestamp=2022-08-15T22_15_12.tsv	10.14
bloom	wmt14_fr_en	a_good_translation-fr-en-source+target	0	1234	newline-cut-custom-truncate	2022-08-15T22_15_12	examples.model=bloom.task=wmt14_fr_en.templates=a_good_translation-fr-en-source+target.fewshot=0.seed=1234.timestamp=2022-08-15T22_15_12.newline-cut-custom-truncate.tsv	16.86
bloom	wmt14_fr_en	a_good_translation-fr-en-source+target	0	1234	newline-cut	2022-08-15T22_15_12	examples.model=bloom.task=wmt14_fr_en.templates=a_good_translation-fr-en-source+target.fewshot=0.seed=1234.timestamp=2022-08-15T22_15_12.newline-cut.tsv	16.49
bloom	wmt14_fr_en	a_good_translation-fr-en-source+target	0	1234		2022-08-15T22_15_12	examples.model=bloom.task=wmt14_fr_en.templates=a_good_translation-fr-en-source+target.fewshot=0.seed=1234.timestamp=2022-08-15T22_15_12.tsv	14.15
bloom	wmt14_fr_en	a_good_translation-fr-en-target	0	1234	newline-cut-custom-truncate	2022-08-15T22_15_12	examples.model=bloom.task=wmt14_fr_en.templates=a_good_translation-fr-en-target.fewshot=0.seed=1234.timestamp=2022-08-15T22_15_12.newline-cut-custom-truncate.tsv	35.20
bloom	wmt14_fr_en	a_good_translation-fr-en-target	0	1234	newline-cut	2022-08-15T22_15_12	examples.model=bloom.task=wmt14_fr_en.templates=a_good_translation-fr-en-target.fewshot=0.seed=1234.timestamp=2022-08-15T22_15_12.newline-cut.tsv	34.40
bloom	wmt14_fr_en	a_good_translation-fr-en-target	0	1234		2022-08-15T22_15_12	examples.model=bloom.task=wmt14_fr_en.templates=a_good_translation-fr-en-target.fewshot=0.seed=1234.timestamp=2022-08-15T22_15_12.tsv	16.81
bloom	wmt14_fr_en	gpt-3-en-fr-target	0	1234	newline-cut-custom-truncate	2022-08-15T22_15_12	examples.model=bloom.task=wmt14_fr_en.templates=gpt-3-en-fr-target.fewshot=0.seed=1234.timestamp=2022-08-15T22_15_12.newline-cut-custom-truncate.tsv	13.96
bloom	wmt14_fr_en	gpt-3-en-fr-target	0	1234	newline-cut	2022-08-15T22_15_12	examples.model=bloom.task=wmt14_fr_en.templates=gpt-3-en-fr-target.fewshot=0.seed=1234.timestamp=2022-08-15T22_15_12.newline-cut.tsv	8.50
bloom	wmt14_fr_en	gpt-3-en-fr-target	0	1234		2022-08-15T22_15_12	examples.model=bloom.task=wmt14_fr_en.templates=gpt-3-en-fr-target.fewshot=0.seed=1234.timestamp=2022-08-15T22_15_12.tsv	7.90
bloom	wmt14_fr_en	gpt-3-fr-en-target	0	1234	newline-cut-custom-truncate	2022-08-15T22_15_13	examples.model=bloom.task=wmt14_fr_en.templates=gpt-3-fr-en-target.fewshot=0.seed=1234.timestamp=2022-08-15T22_15_13.newline-cut-custom-truncate.tsv	25.71
bloom	wmt14_fr_en	gpt-3-fr-en-target	0	1234	newline-cut	2022-08-15T22_15_13	examples.model=bloom.task=wmt14_fr_en.templates=gpt-3-fr-en-target.fewshot=0.seed=1234.timestamp=2022-08-15T22_15_13.newline-cut.tsv	14.80
bloom	wmt14_fr_en	gpt-3-fr-en-target	0	1234		2022-08-15T22_15_13	examples.model=bloom.task=wmt14_fr_en.templates=gpt-3-fr-en-target.fewshot=0.seed=1234.timestamp=2022-08-15T22_15_13.tsv	12.73
bloom	wmt14_fr_en	translate_as-en-fr-target	0	1234	newline-cut-custom-truncate	2022-12-29T11_26_48	examples.model=bloom.task=wmt14_fr_en.templates=translate_as-en-fr-target.fewshot=0.seed=1234.timestamp=2022-12-29T11_26_48.newline-cut-custom-truncate.tsv	10.12
bloom	wmt14_fr_en	translate_as-en-fr-target	0	1234	newline-cut	2022-12-29T11_26_48	examples.model=bloom.task=wmt14_fr_en.templates=translate_as-en-fr-target.fewshot=0.seed=1234.timestamp=2022-12-29T11_26_48.newline-cut.tsv	10.14
bloom	wmt14_fr_en	translate_as-en-fr-target	0	1234		2022-12-29T11_26_48	examples.model=bloom.task=wmt14_fr_en.templates=translate_as-en-fr-target.fewshot=0.seed=1234.timestamp=2022-12-29T11_26_48.tsv	4.93
bloom	wmt14_fr_en	translate_as-fr-en-target	0	1234	newline-cut-custom-truncate	2022-12-29T23_29_52	examples.model=bloom.task=wmt14_fr_en.templates=translate_as-fr-en-target.fewshot=0.seed=1234.timestamp=2022-12-29T23_29_52.newline-cut-custom-truncate.tsv	20.35
bloom	wmt14_fr_en	translate_as-fr-en-target	0	1234	newline-cut	2022-12-29T23_29_52	examples.model=bloom.task=wmt14_fr_en.templates=translate_as-fr-en-target.fewshot=0.seed=1234.timestamp=2022-12-29T23_29_52.newline-cut.tsv	19.75
bloom	wmt14_fr_en	translate_as-fr-en-target	0	1234		2022-12-29T23_29_52	examples.model=bloom.task=wmt14_fr_en.templates=translate_as-fr-en-target.fewshot=0.seed=1234.timestamp=2022-12-29T23_29_52.tsv	11.35
bloom	wmt14_fr_en	version-en-fr-target	0	1234	newline-cut-custom-truncate	2022-08-15T22_15_12	examples.model=bloom.task=wmt14_fr_en.templates=version-en-fr-target.fewshot=0.seed=1234.timestamp=2022-08-15T22_15_12.newline-cut-custom-truncate.tsv	30.31
bloom	wmt14_fr_en	version-en-fr-target	0	1234	newline-cut	2022-08-15T22_15_12	examples.model=bloom.task=wmt14_fr_en.templates=version-en-fr-target.fewshot=0.seed=1234.timestamp=2022-08-15T22_15_12.newline-cut.tsv	30.08
bloom	wmt14_fr_en	version-en-fr-target	0	1234		2022-08-15T22_15_12	examples.model=bloom.task=wmt14_fr_en.templates=version-en-fr-target.fewshot=0.seed=1234.timestamp=2022-08-15T22_15_12.tsv	21.96
bloom	wmt14_fr_en	version-fr-en-target	0	1234	newline-cut-custom-truncate	2022-08-15T22_15_12	examples.model=bloom.task=wmt14_fr_en.templates=version-fr-en-target.fewshot=0.seed=1234.timestamp=2022-08-15T22_15_12.newline-cut-custom-truncate.tsv	35.17
bloom	wmt14_fr_en	version-fr-en-target	0	1234	newline-cut	2022-08-15T22_15_12	examples.model=bloom.task=wmt14_fr_en.templates=version-fr-en-target.fewshot=0.seed=1234.timestamp=2022-08-15T22_15_12.newline-cut.tsv	35.18
bloom	wmt14_fr_en	version-fr-en-target	0	1234		2022-08-15T22_15_12	examples.model=bloom.task=wmt14_fr_en.templates=version-fr-en-target.fewshot=0.seed=1234.timestamp=2022-08-15T22_15_12.tsv	26.79
bloom	wmt14_fr_en	xglm-en-fr-source+target	0	1234	newline-cut-custom-truncate	2022-12-29T23_29_52	examples.model=bloom.task=wmt14_fr_en.templates=xglm-en-fr-source+target.fewshot=0.seed=1234.timestamp=2022-12-29T23_29_52.newline-cut-custom-truncate.tsv	32.25
bloom	wmt14_fr_en	xglm-en-fr-source+target	0	1234	newline-cut	2022-12-29T23_29_52	examples.model=bloom.task=wmt14_fr_en.templates=xglm-en-fr-source+target.fewshot=0.seed=1234.timestamp=2022-12-29T23_29_52.newline-cut.tsv	23.71
bloom	wmt14_fr_en	xglm-en-fr-source+target	0	1234		2022-12-29T23_29_52	examples.model=bloom.task=wmt14_fr_en.templates=xglm-en-fr-source+target.fewshot=0.seed=1234.timestamp=2022-12-29T23_29_52.tsv	14.91
bloom	wmt14_fr_en	xglm-en-fr-target	0	1234	newline-cut-custom-truncate	2022-08-15T22_15_12	examples.model=bloom.task=wmt14_fr_en.templates=xglm-en-fr-target.fewshot=0.seed=1234.timestamp=2022-08-15T22_15_12.newline-cut-custom-truncate.tsv	4.60
bloom	wmt14_fr_en	xglm-en-fr-target	0	1234	newline-cut	2022-08-15T22_15_12	examples.model=bloom.task=wmt14_fr_en.templates=xglm-en-fr-target.fewshot=0.seed=1234.timestamp=2022-08-15T22_15_12.newline-cut.tsv	3.50
bloom	wmt14_fr_en	xglm-en-fr-target	0	1234		2022-08-15T22_15_12	examples.model=bloom.task=wmt14_fr_en.templates=xglm-en-fr-target.fewshot=0.seed=1234.timestamp=2022-08-15T22_15_12.tsv	2.97
bloom	wmt14_fr_en	xglm-fr-en-source+target	0	1234	newline-cut-custom-truncate	2022-12-30T12_30_08	examples.model=bloom.task=wmt14_fr_en.templates=xglm-fr-en-source+target.fewshot=0.seed=1234.timestamp=2022-12-30T12_30_08.newline-cut-custom-truncate.tsv	37.16
bloom	wmt14_fr_en	xglm-fr-en-source+target	0	1234	newline-cut	2022-12-30T12_30_08	examples.model=bloom.task=wmt14_fr_en.templates=xglm-fr-en-source+target.fewshot=0.seed=1234.timestamp=2022-12-30T12_30_08.newline-cut.tsv	26.50
bloom	wmt14_fr_en	xglm-fr-en-source+target	0	1234		2022-12-30T12_30_08	examples.model=bloom.task=wmt14_fr_en.templates=xglm-fr-en-source+target.fewshot=0.seed=1234.timestamp=2022-12-30T12_30_08.tsv	15.52
bloom	wmt14_fr_en	xglm-fr-en-target	0	1234	newline-cut-custom-truncate	2022-08-15T22_15_12	examples.model=bloom.task=wmt14_fr_en.templates=xglm-fr-en-target.fewshot=0.seed=1234.timestamp=2022-08-15T22_15_12.newline-cut-custom-truncate.tsv	17.61
bloom	wmt14_fr_en	xglm-fr-en-target	0	1234	newline-cut	2022-08-15T22_15_12	examples.model=bloom.task=wmt14_fr_en.templates=xglm-fr-en-target.fewshot=0.seed=1234.timestamp=2022-08-15T22_15_12.newline-cut.tsv	13.64
bloom	wmt14_fr_en	xglm-fr-en-target	0	1234		2022-08-15T22_15_12	examples.model=bloom.task=wmt14_fr_en.templates=xglm-fr-en-target.fewshot=0.seed=1234.timestamp=2022-08-15T22_15_12.tsv	10.33
mt0-xxl	wmt14_fr_en	xglm-en-fr-source+target	0	1234	newline-cut-custom-truncate	2023-02-10T09_50_19	examples.model=mt0-xxl.task=wmt14_fr_en.templates=xglm-en-fr-source+target.fewshot=0.seed=1234.timestamp=2023-02-10T09_50_19.newline-cut-custom-truncate.tsv	29.24
mt0-xxl	wmt14_fr_en	xglm-en-fr-source+target	0	1234	newline-cut	2023-02-10T09_50_19	examples.model=mt0-xxl.task=wmt14_fr_en.templates=xglm-en-fr-source+target.fewshot=0.seed=1234.timestamp=2023-02-10T09_50_19.newline-cut.tsv	29.27
mt0-xxl	wmt14_fr_en	xglm-en-fr-source+target	0	1234		2023-02-10T09_50_19	examples.model=mt0-xxl.task=wmt14_fr_en.templates=xglm-en-fr-source+target.fewshot=0.seed=1234.timestamp=2023-02-10T09_50_19.tsv	29.27
mt0-xxl	wmt14_fr_en	xglm-fr-en-source+target	0	1234	newline-cut-custom-truncate	2023-02-10T09_54_01	examples.model=mt0-xxl.task=wmt14_fr_en.templates=xglm-fr-en-source+target.fewshot=0.seed=1234.timestamp=2023-02-10T09_54_01.newline-cut-custom-truncate.tsv	32.87
mt0-xxl	wmt14_fr_en	xglm-fr-en-source+target	0	1234	newline-cut	2023-02-10T09_54_01	examples.model=mt0-xxl.task=wmt14_fr_en.templates=xglm-fr-en-source+target.fewshot=0.seed=1234.timestamp=2023-02-10T09_54_01.newline-cut.tsv	32.88
mt0-xxl	wmt14_fr_en	xglm-fr-en-source+target	0	1234		2023-02-10T09_54_01	examples.model=mt0-xxl.task=wmt14_fr_en.templates=xglm-fr-en-source+target.fewshot=0.seed=1234.timestamp=2023-02-10T09_54_01.tsv	32.88
opt	wmt14_fr_en	xglm-en-fr-source+target	0	1234	newline-cut-custom-truncate	2023-01-05T08_33_49	examples.model=opt.task=wmt14_fr_en.templates=xglm-en-fr-source+target.fewshot=0.seed=1234.timestamp=2023-01-05T08_33_49.newline-cut-custom-truncate.tsv	18.86
opt	wmt14_fr_en	xglm-en-fr-source+target	0	1234	newline-cut	2023-01-05T08_33_49	examples.model=opt.task=wmt14_fr_en.templates=xglm-en-fr-source+target.fewshot=0.seed=1234.timestamp=2023-01-05T08_33_49.newline-cut.tsv	16.29
opt	wmt14_fr_en	xglm-en-fr-source+target	0	1234		2023-01-05T08_33_49	examples.model=opt.task=wmt14_fr_en.templates=xglm-en-fr-source+target.fewshot=0.seed=1234.timestamp=2023-01-05T08_33_49.tsv	12.95
opt	wmt14_fr_en	xglm-fr-en-source+target	0	1234	newline-cut-custom-truncate	2023-01-11T22_31_48	examples.model=opt.task=wmt14_fr_en.templates=xglm-fr-en-source+target.fewshot=0.seed=1234.timestamp=2023-01-11T22_31_48.newline-cut-custom-truncate.tsv	33.18
opt	wmt14_fr_en	xglm-fr-en-source+target	0	1234	newline-cut	2023-01-11T22_31_48	examples.model=opt.task=wmt14_fr_en.templates=xglm-fr-en-source+target.fewshot=0.seed=1234.timestamp=2023-01-11T22_31_48.newline-cut.tsv	33.16
opt	wmt14_fr_en	xglm-fr-en-source+target	0	1234		2023-01-11T22_31_48	examples.model=opt.task=wmt14_fr_en.templates=xglm-fr-en-source+target.fewshot=0.seed=1234.timestamp=2023-01-11T22_31_48.tsv	15.54
t0	wmt14_fr_en	translate-en-fr-source+target	0	1234	newline-cut-custom-truncate	2022-07-01T11_42_20	examples.model=t0.task=wmt14_fr_en.templates=translate-en-fr-source+target.fewshot=0.seed=1234.timestamp=2022-07-01T11_42_20.newline-cut-custom-truncate.tsv	0.66
t0	wmt14_fr_en	translate-en-fr-source+target	0	1234	newline-cut	2022-07-01T11_42_20	examples.model=t0.task=wmt14_fr_en.templates=translate-en-fr-source+target.fewshot=0.seed=1234.timestamp=2022-07-01T11_42_20.newline-cut.tsv	0.66
t0	wmt14_fr_en	translate-en-fr-source+target	0	1234		2022-07-01T11_42_20	examples.model=t0.task=wmt14_fr_en.templates=translate-en-fr-source+target.fewshot=0.seed=1234.timestamp=2022-07-01T11_42_20.tsv	0.66
t0	wmt14_fr_en	xglm-en-fr-source+target	0	1234	newline-cut-custom-truncate	2023-02-08T19_58_01	examples.model=t0.task=wmt14_fr_en.templates=xglm-en-fr-source+target.fewshot=0.seed=1234.timestamp=2023-02-08T19_58_01.newline-cut-custom-truncate.tsv	1.21
t0	wmt14_fr_en	xglm-en-fr-source+target	0	1234	newline-cut	2023-02-08T19_58_01	examples.model=t0.task=wmt14_fr_en.templates=xglm-en-fr-source+target.fewshot=0.seed=1234.timestamp=2023-02-08T19_58_01.newline-cut.tsv	1.21
t0	wmt14_fr_en	xglm-en-fr-source+target	0	1234		2023-02-08T19_58_01	examples.model=t0.task=wmt14_fr_en.templates=xglm-en-fr-source+target.fewshot=0.seed=1234.timestamp=2023-02-08T19_58_01.tsv	1.21
t0	wmt14_fr_en	xglm-fr-en-source+target	0	1234	newline-cut-custom-truncate	2023-02-08T19_20_55	examples.model=t0.task=wmt14_fr_en.templates=xglm-fr-en-source+target.fewshot=0.seed=1234.timestamp=2023-02-08T19_20_55.newline-cut-custom-truncate.tsv	25.80
t0	wmt14_fr_en	xglm-fr-en-source+target	0	1234	newline-cut	2023-02-08T19_20_55	examples.model=t0.task=wmt14_fr_en.templates=xglm-fr-en-source+target.fewshot=0.seed=1234.timestamp=2023-02-08T19_20_55.newline-cut.tsv	25.79
t0	wmt14_fr_en	xglm-fr-en-source+target	0	1234		2023-02-08T19_20_55	examples.model=t0.task=wmt14_fr_en.templates=xglm-fr-en-source+target.fewshot=0.seed=1234.timestamp=2023-02-08T19_20_55.tsv	25.79
